ds,y
2022-11,17.30775
2022-11,1219.66004
2022-11,103.86586
2022-11,234.30065
2022-11,2867.31368
2022-11,11.93718
2022-11,2763.44782
2022-11,1543.78778
2022-11,5.37057
2022-11,1323.5259
2022-11,5.01918
2022-11,239.31983
2022-11,6.4812
2022-11,3123.94126
2022-10,5.05185
2022-10,2771.71582
2022-10,230.94181
2022-10,1178.32696
2022-10,16.37332
2022-10,6.46171
2022-10,3019.03094
2022-10,2668.05574
2022-10,5.19986
2022-10,1281.98704
2022-10,1489.72878
2022-10,225.74195
2022-10,103.66009
2022-10,11.32147
2022-09,1267.28525
2022-09,3343.07738
2022-09,12.0716
2022-09,17.07023
2022-09,224.0278
2022-09,1377.77493
2022-09,3101.97934
2022-09,2991.48966
2022-09,5.60636
2022-09,218.42144
2022-09,6.25624
2022-09,1724.20441
2022-09,4.99863
2022-09,110.48968
2022-08,3533.36593
2022-08,1564.1597
2022-08,5.21142
2022-08,5.94788
2022-08,13.65512
2022-08,1440.34758
2022-08,18.86654
2022-08,2093.01834
2022-08,6.27344
2022-08,3657.17805
2022-08,239.43215
2022-08,245.38003
2022-08,3921.42461
2022-08,123.81212
2022-07,5.279
2022-07,237.95438
2022-07,2177.43133
2022-07,4043.0346
2022-07,6.00998
2022-07,3780.33983
2022-07,1602.9085
2022-07,243.96436
2022-07,123.75995
2022-07,1479.14855
2022-07,3656.57988
2022-07,13.45142
2022-07,6.77012
2022-07,18.73042
2022-06,1940.63237
2022-06,233.77889
2022-06,3290.51026
2022-06,1458.97192
2022-06,3399.60429
2022-06,12.22536
2022-06,17.52252
2022-06,3650.9057
2022-06,228.05562
2022-06,6.60824
2022-06,5.72327
2022-06,1349.87789
2022-06,5.29716
2022-06,109.09402
2022-05,11.76311
2022-05,1392.6786
2022-05,2953.24169
2022-05,3312.89278
2022-05,233.48546
2022-05,16.89331
2022-05,3056.90811
2022-05,6.43456
2022-05,239.09136
2022-05,1664.22951
2022-05,5.6059
2022-05,5.13019
2022-05,103.66642
2022-05,1289.01218
2022-04,2600.41762
2022-04,5.23373
2022-04,1194.0805
2022-04,96.52936
2022-04,1406.33712
2022-04,230.66997
2022-04,225.35396
2022-04,2696.94698
2022-04,2944.45489
2022-04,16.83794
2022-04,6.37122
2022-04,1290.60986
2022-04,11.6042
2022-04,5.31602
2022-03,2895.88249
2022-03,239.04565
2022-03,105.76731
2022-03,1242.07581
2022-03,13.04722
2022-03,2790.11518
2022-03,3158.90091
2022-03,244.7267
2022-03,5.68104
2022-03,1548.03938
2022-03,18.29172
2022-03,6.87499
2022-03,1347.84312
2022-03,5.2445
2022-02,1210.30343
2022-02,1318.32543
2022-02,4.64657
2022-02,5.18859
2022-02,13.04702
2022-02,3185.15133
2022-02,2936.04742
2022-02,2828.02541
2022-02,231.41032
2022-02,6.09956
2022-02,1617.72198
2022-02,17.69359
2022-02,108.022
2022-02,226.22173
2022-01,1936.62336
2022-01,3680.37187
2022-01,3400.34672
2022-01,259.72583
2022-01,5.15837
2022-01,20.29931
2022-01,15.14095
2022-01,3276.45332
2022-01,123.8934
2022-01,1463.72337
2022-01,5.70701
2022-01,1339.82996
2022-01,254.01882
2022-01,6.83176
2021-12,254.49281
2021-12,3264.13301
2021-12,2984.22614
2021-12,5.29695
2021-12,13.77768
2021-12,1650.46212
2021-12,1218.96914
2021-12,6.33943
2021-12,114.79488
2021-12,19.07463
2021-12,6.80805
2021-12,260.83224
2021-12,1333.76402
2021-12,2869.43126
2021-11,6.074
2021-11,6.61878
2021-11,248.75845
2021-11,1265.95628
2021-11,17.87351
2021-11,1526.14148
2021-11,3058.72972
2021-11,2792.09776
2021-11,1154.9581
2021-11,12.77311
2021-11,5.1004
2021-11,110.99818
2021-11,2681.09958
2021-11,242.68444
2021-10,1542.53106
2021-10,1275.87718
2021-10,245.8085
2021-10,6.87977
2021-10,17.73687
2021-10,3081.95361
2021-10,2818.40824
2021-10,2703.96525
2021-10,6.25151
2021-10,239.55698
2021-10,12.87786
2021-10,114.44299
2021-10,4.85901
2021-10,1161.43419
2021-09,3371.79459
2021-09,1752.4532
2021-09,2997.65111
2021-09,236.04979
2021-09,6.21137
2021-09,1358.57006
2021-09,13.23023
2021-09,6.99217
2021-09,113.37214
2021-09,242.26116
2021-09,18.51017
2021-09,5.27994
2021-09,1245.19791
2021-09,3111.02326
2021-08,15.19788
2021-08,5.4116
2021-08,2150.87497
2021-08,130.83051
2021-08,1431.37535
2021-08,20.60948
2021-08,7.44843
2021-08,3582.25031
2021-08,249.87908
2021-08,256.37112
2021-08,3713.08082
2021-08,3990.06143
2021-08,1562.20586
2021-08,6.49204
2021-07,1384.88231
2021-07,6.61959
2021-07,255.01996
2021-07,14.62379
2021-07,5.36161
2021-07,7.6862
2021-07,261.63954
2021-07,19.9854
2021-07,3645.82816
2021-07,3519.56283
2021-07,1511.14763
2021-07,3927.4531
2021-07,2134.68053
2021-07,126.26533
2021-06,1409.04966
2021-06,245.57136
2021-06,3239.71909
2021-06,116.93525
2021-06,1292.1144
2021-06,1947.60469
2021-06,3356.65435
2021-06,239.60039
2021-06,5.97097
2021-06,13.02568
2021-06,5.07849
2021-06,3620.32988
2021-06,18.10417
2021-06,7.08288
2021-05,1598.81634
2021-05,237.97803
2021-05,5.95463
2021-05,2762.31962
2021-05,11.10029
2021-05,5.07109
2021-05,1269.67655
2021-05,3128.59692
2021-05,2868.49288
2021-05,243.93266
2021-05,16.17138
2021-05,6.34512
2021-05,1163.50328
2021-05,106.17327
2021-04,2508.1113
2021-04,6.26274
2021-04,1198.52806
2021-04,16.32049
2021-04,1412.64263
2021-04,231.96594
2021-04,5.70392
2021-04,11.14066
2021-04,5.17983
2021-04,2611.17069
2021-04,237.66986
2021-04,2865.16104
2021-04,1095.46867
2021-04,103.05939
2021-03,6.62189
2021-03,3043.13956
2021-03,1146.80059
2021-03,1531.91002
2021-03,5.91605
2021-03,4.95091
2021-03,101.36065
2021-03,2780.07125
2021-03,13.04626
2021-03,1248.16123
2021-03,2678.7106
2021-03,239.15509
2021-03,245.07114
2021-03,17.99717
2021-02,1117.27487
2021-02,226.22436
2021-02,3189.49344
2021-02,2945.33117
2021-02,2840.89566
2021-02,4.64019
2021-02,13.53117
2021-02,221.58417
2021-02,17.93791
2021-02,1221.71038
2021-02,6.06408
2021-02,1723.62079
2021-02,4.40675
2021-02,104.43551
2021-01,6.92736
2021-01,2995.78323
2021-01,5.78657
2021-01,1321.29403
2021-01,260.9309
2021-01,14.69557
2021-01,5.15202
2021-01,1793.62017
2021-01,119.13098
2021-01,1202.16305
2021-01,3401.47925
2021-01,3114.9142
2021-01,266.71746
2021-01,19.84759
2020-12,1207.95563
2020-12,4.98779
2020-12,14.50972
2020-12,10.73406
2020-12,19.49751
2020-12,3070.46308
2020-12,3357.2016
2020-12,267.24102
2020-12,256.50696
2020-12,1329.6963
2020-12,2948.72241
2020-12,6.92256
2020-12,1740.76678
2020-12,121.74067
2020-11,2689.11202
2020-11,108.57095
2020-11,1104.65818
2020-11,234.03252
2020-11,2950.51834
2020-11,1475.88289
2020-11,243.62993
2020-11,17.77638
2020-11,6.42311
2020-11,2580.54107
2020-11,4.78893
2020-11,9.59741
2020-11,12.98745
2020-11,1213.22913
2020-10,1543.50755
2020-10,1239.78713
2020-10,9.41358
2020-10,3049.36454
2020-10,18.27756
2020-10,2783.29468
2020-10,238.37872
2020-10,2668.90505
2020-10,247.79229
2020-10,7.1682
2020-10,114.38963
2020-10,13.39713
2020-10,4.88043
2020-10,1125.3975
2020-09,1705.08935
2020-09,3222.97635
2020-09,2971.39992
2020-09,18.5187
2020-09,233.05772
2020-09,1266.31057
2020-09,2849.80841
2020-09,6.66243
2020-09,13.66929
2020-09,224.22296
2020-09,1144.71905
2020-09,121.59152
2020-09,8.83476
2020-09,4.84941
2020-08,3437.18679
2020-08,249.51975
2020-08,3841.10978
2020-08,3570.88522
2020-08,239.94519
2020-08,133.69843
2020-08,9.57456
2020-08,1345.09621
2020-08,2092.09058
2020-08,15.49476
2020-08,7.70559
2020-08,1478.79464
2020-08,20.70481
2020-08,5.21006
2020-07,2142.31277
2020-07,1397.22046
2020-07,240.40914
2020-07,135.10628
2020-07,7.28941
2020-07,1532.32675
2020-07,249.84478
2020-07,3539.53323
2020-07,21.37469
2020-07,3674.63951
2020-07,3945.85897
2020-07,5.36541
2020-07,16.00928
2020-07,9.43564
2020-06,3400.26582
2020-06,228.17537
2020-06,8.97375
2020-06,3029.04362
2020-06,1228.81119
2020-06,3144.57562
2020-06,237.14912
2020-06,1344.34319
2020-06,18.54108
2020-06,115.532
2020-06,6.55135
2020-06,13.42121
2020-06,1800.23243
2020-06,5.11987
2020-05,238.65412
2020-05,2962.59989
2020-05,2706.65305
2020-05,1178.50329
2020-05,2602.69317
2020-05,230.39048
2020-05,8.26364
2020-05,1528.14976
2020-05,12.00068
2020-05,5.29204
2020-05,17.29271
2020-05,103.95988
2020-05,6.7802
2020-05,1074.54341
2020-04,8.12081
2020-04,11.6978
2020-04,4.94432
2020-04,100.47368
2020-04,1002.99202
2020-04,2465.17378
2020-04,1103.4657
2020-04,2364.7001
2020-04,251.20007
2020-04,16.64211
2020-04,6.01948
2020-04,1361.70808
2020-04,2733.01596
2020-04,243.07926
2020-03,9.33005
2020-03,2616.32803
2020-03,6.86355
2020-03,13.73736
2020-03,5.17118
2020-03,271.82323
2020-03,2730.99341
2020-03,3021.72519
2020-03,1077.53736
2020-03,114.66538
2020-03,18.90855
2020-03,1192.20274
2020-03,1538.79067
2020-03,262.49318
2020-02,1103.25216
2020-02,3104.7642
2020-02,2815.97893
2020-02,269.46039
2020-02,2702.11682
2020-02,1217.11426
2020-02,8.36815
2020-02,261.09225
2020-02,4.70338
2020-02,14.6215
2020-02,19.32489
2020-02,6.33774
2020-02,1598.86466
2020-02,113.8621
2020-01,1299.97941
2020-01,1730.61007
2020-01,3342.77858
2020-01,282.35991
2020-01,9.06898
2020-01,2904.89132
2020-01,3030.58948
2020-01,125.69817
2020-01,15.63643
2020-01,5.12376
2020-01,1174.28125
2020-01,291.4289
2020-01,20.7602
2020-01,6.89647
2019-12,1189.0141
2019-12,20.90037
2019-12,7.14499
2019-12,258.78738
2019-12,15.63232
2019-12,8.70343
2019-12,5.26805
2019-12,3300.09613
2019-12,3011.70495
2019-12,267.49081
2019-12,1314.27682
2019-12,1697.42813
2019-12,125.26272
2019-12,2886.44223
2019-11,4.88372
2019-11,256.52339
2019-11,19.11475
2019-11,118.98455
2019-11,6.83382
2019-11,1117.55128
2019-11,1590.27444
2019-11,3102.44842
2019-11,1236.53583
2019-11,248.17362
2019-11,2826.81028
2019-11,8.34978
2019-11,14.23103
2019-11,2707.82573
2019-10,8.37967
2019-10,18.67613
2019-10,3128.06097
2019-10,6.822
2019-10,117.42434
2019-10,1580.07977
2019-10,1159.94972
2019-10,2857.45383
2019-10,2740.02949
2019-10,5.06131
2019-10,251.93102
2019-10,1277.37406
2019-10,243.55135
2019-10,13.61482
2019-09,3113.72701
2019-09,3233.31276
2019-09,3501.15205
2019-09,14.27016
2019-09,1855.63241
2019-09,239.68077
2019-09,5.24976
2019-09,19.51992
2019-09,1377.68036
2019-09,8.6386
2019-09,119.58575
2019-09,248.31937
2019-09,1258.09461
2019-09,6.77284
2019-08,1350.14021
2019-08,252.51358
2019-08,3464.70937
2019-08,9.1516
2019-08,15.48095
2019-08,1489.45769
2019-08,5.5287
2019-08,139.31748
2019-08,21.00965
2019-08,6.33418
2019-08,3886.70169
2019-08,3604.02685
2019-08,261.66519
2019-08,2114.56916
2019-07,250.85273
2019-07,260.28334
2019-07,21.40386
2019-07,6.26217
2019-07,3693.48299
2019-07,3975.17018
2019-07,15.78937
2019-07,5.61449
2019-07,1393.33599
2019-07,135.85568
2019-07,3557.62731
2019-07,2164.29131
2019-07,9.43061
2019-07,1529.19167
2019-06,1866.07398
2019-06,245.68821
2019-06,18.86262
2019-06,5.67058
2019-06,1305.78878
2019-06,114.02132
2019-06,237.07219
2019-06,3057.84144
2019-06,13.43034
2019-06,5.43227
2019-06,3171.86276
2019-06,3436.41358
2019-06,8.61602
2019-06,1191.76746
2019-05,5.14879
2019-05,18.48446
2019-05,5.47407
2019-05,2878.67207
2019-05,247.10357
2019-05,3251.43284
2019-05,238.61755
2019-05,2985.84481
2019-05,8.48602
2019-05,1230.69221
2019-05,107.17275
2019-05,1755.1526
2019-05,13.33567
2019-05,1123.51947
2019-04,238.9144
2019-04,107.13213
2019-04,2920.27179
2019-04,2556.14305
2019-04,231.53362
2019-04,5.17466
2019-04,7.38078
2019-04,12.90756
2019-04,1051.8664
2019-04,2663.27517
2019-04,18.08222
2019-04,1158.99853
2019-04,5.09663
2019-04,1504.27665
2019-03,2828.57695
2019-03,248.17054
2019-03,1264.11926
2019-03,8.3915
2019-03,116.30764
2019-03,256.56204
2019-03,3221.92519
2019-03,20.47857
2019-03,5.88253
2019-03,2944.88459
2019-03,1680.76533
2019-03,15.22557
2019-03,5.253
2019-03,1147.81162
2019-02,2726.6254
2019-02,1189.75093
2019-02,237.39427
2019-02,7.90332
2019-02,1079.90923
2019-02,4.7584
2019-02,1646.71617
2019-02,109.8417
2019-02,245.29759
2019-02,3101.52388
2019-02,19.7592
2019-02,2836.4671
2019-02,5.63838
2019-02,15.0008
2019-01,265.29426
2019-01,1345.09115
2019-01,16.74982
2019-01,274.22002
2019-01,8.92577
2019-01,5.26891
2019-01,3141.69544
2019-01,3267.761
2019-01,6.43742
2019-01,3563.99975
2019-01,22.01873
2019-01,1219.02559
2019-01,126.06556
2019-01,1922.66985
2018-12,6.36979
2018-12,3005.95666
2018-12,5.85983
2018-12,1295.16207
2018-12,1170.17386
2018-12,1835.7828
2018-12,15.4813
2018-12,5.07079
2018-12,270.72697
2018-12,124.98821
2018-12,276.5868
2018-12,3428.08375
2018-12,3130.94487
2018-12,20.55209
2018-11,1115.03034
2018-11,4.51411
2018-11,119.72194
2018-11,6.29662
2018-11,2821.92531
2018-11,6.19984
2018-11,3223.35572
2018-11,2941.64725
2018-11,19.33407
2018-11,262.3744
2018-11,1234.75228
2018-11,256.17456
2018-11,1706.89497
2018-11,14.81997
2018-10,259.30701
2018-10,19.21324
2018-10,2820.62906
2018-10,6.58513
2018-10,252.80033
2018-10,1251.40742
2018-10,1128.45405
2018-10,122.95337
2018-10,1692.17501
2018-10,14.57528
2018-10,6.50668
2018-10,4.63796
2018-10,3222.10268
2018-10,2943.58243
2018-09,6.16363
2018-09,15.04187
2018-09,19.67825
2018-09,1216.94527
2018-09,1892.24569
2018-09,4.63638
2018-09,247.06428
2018-09,252.9576
2018-09,127.34459
2018-09,5.89332
2018-09,3509.1714
2018-09,1344.28987
2018-09,3109.19096
2018-09,3236.53555
2018-08,266.454
2018-08,4018.56715
2018-08,7.06242
2018-08,273.08391
2018-08,22.57638
2018-08,3722.90685
2018-08,1389.79958
2018-08,2189.48005
2018-08,17.45223
2018-08,6.62991
2018-08,143.62722
2018-08,5.12415
2018-08,3579.27963
2018-08,1533.42681
2018-07,3764.9884
2018-07,4056.92547
2018-07,3623.22155
2018-07,5.08478
2018-07,2252.89511
2018-07,1370.32644
2018-07,6.66627
2018-07,269.59791
2018-07,141.76686
2018-07,6.78474
2018-07,17.25438
2018-07,262.93164
2018-07,1512.09329
2018-07,22.33916
2018-06,2036.48658
2018-06,3298.13055
2018-06,1261.64397
2018-06,1378.27746
2018-06,248.93948
2018-06,3689.74362
2018-06,5.9253
2018-06,14.98163
2018-06,5.13318
2018-06,254.86478
2018-06,20.11481
2018-06,6.035
2018-06,3414.76404
2018-06,116.63349
2018-05,249.59579
2018-05,1296.67925
2018-05,1822.50716
2018-05,14.25854
2018-05,3394.03118
2018-05,255.53404
2018-05,3119.18641
2018-05,1181.37105
2018-05,19.31073
2018-05,5.66077
2018-05,5.05219
2018-05,3003.87821
2018-05,115.3082
2018-05,5.93825
2018-04,245.71359
2018-04,2741.58672
2018-04,3005.91901
2018-04,1577.48389
2018-04,5.24241
2018-04,2626.53874
2018-04,240.50664
2018-04,14.20167
2018-04,1049.05485
2018-04,115.04798
2018-04,1164.10283
2018-04,4.41703
2018-04,5.20695
2018-04,18.6187
2018-03,2814.22656
2018-03,15.61154
2018-03,20.3024
2018-03,6.39027
2018-03,1140.42072
2018-03,3218.10941
2018-03,261.2977
2018-03,122.28275
2018-03,1673.80584
2018-03,5.61198
2018-03,4.69086
2018-03,2936.50931
2018-03,1262.70347
2018-03,255.68572
2018-02,5.89421
2018-02,1057.21609
2018-02,5.08496
2018-02,4.16013
2018-02,2699.08936
2018-02,241.63981
2018-02,110.08676
2018-02,15.28948
2018-02,1167.30285
2018-02,3075.35048
2018-02,1641.87327
2018-02,246.72476
2018-02,2809.17611
2018-02,19.44961
2018-01,271.86402
2018-01,3469.16741
2018-01,277.50267
2018-01,3768.80456
2018-01,22.13449
2018-01,4.57385
2018-01,6.58651
2018-01,2076.07726
2018-01,5.63865
2018-01,128.16623
2018-01,1393.09015
2018-01,3341.00118
2018-01,1264.92392
2018-01,17.56063
2017-12,273.64424
2017-12,268.19012
2017-12,3099.96292
2017-12,1878.82383
2017-12,4.66135
2017-12,1221.13909
2017-12,6.62713
2017-12,18.96291
2017-12,1351.84949
2017-12,130.71041
2017-12,23.62426
2017-12,3230.67333
2017-12,3527.94183
2017-12,5.45412
2017-11,249.25381
2017-11,114.33736
2017-11,16.80568
2017-11,1112.29434
2017-11,4.36588
2017-11,2728.04643
2017-11,2842.38379
2017-11,1615.75209
2017-11,254.74968
2017-11,6.40917
2017-11,21.17156
2017-11,5.49587
2017-11,3118.30502
2017-11,1226.6317
2017-10,1672.72783
2017-10,4.48269
2017-10,21.25656
2017-10,252.05671
2017-10,6.69946
2017-10,1268.76785
2017-10,1148.41671
2017-10,2941.49568
2017-10,4.84527
2017-10,247.21144
2017-10,120.35114
2017-10,16.77387
2017-10,3214.80895
2017-10,2821.14454
2017-09,242.59314
2017-09,5.02553
2017-09,2982.12479
2017-09,21.66426
2017-09,1786.52036
2017-09,237.56762
2017-09,3101.77118
2017-09,6.22496
2017-09,3366.02858
2017-09,1315.25082
2017-09,4.50756
2017-09,119.64639
2017-09,17.1567
2017-09,1195.60443
2017-08,1416.24113
2017-08,6.66023
2017-08,2118.5823
2017-08,19.23401
2017-08,1282.21585
2017-08,5.75667
2017-08,3400.79815
2017-08,24.10508
2017-08,257.22675
2017-08,134.02528
2017-08,262.98342
2017-08,3534.82342
2017-08,3821.91192
2017-08,4.87106
2017-07,1480.97304
2017-07,135.28165
2017-07,1345.69139
2017-07,2255.76156
2017-07,4025.27051
2017-07,3736.7346
2017-07,264.25796
2017-07,3601.45295
2017-07,19.40131
2017-07,258.02333
2017-07,4.87664
2017-07,24.27795
2017-07,6.49891
2017-07,6.23463
2017-06,3316.28109
2017-06,252.41795
2017-06,6.02997
2017-06,3199.74246
2017-06,17.27939
2017-06,5.40149
2017-06,247.01646
2017-06,21.74452
2017-06,1986.51627
2017-06,4.46513
2017-06,116.53863
2017-06,3590.44356
2017-06,1213.2262
2017-06,1329.76482
2017-05,1779.52918
2017-05,20.16287
2017-05,6.15681
2017-05,247.66338
2017-05,1206.13492
2017-05,15.32071
2017-05,4.84216
2017-05,3253.49036
2017-05,106.84656
2017-05,2985.6641
2017-05,2878.81755
2017-05,242.2158
2017-05,5.44758
2017-05,1099.28836
2017-04,2718.81997
2017-04,19.16087
2017-04,237.18188
2017-04,5.53815
2017-04,5.36969
2017-04,14.59645
2017-04,4.56442
2017-04,1581.38902
2017-04,242.72003
2017-04,1137.43095
2017-04,2614.84428
2017-04,1033.45526
2017-04,2980.70087
2017-04,103.97569
2017-03,1735.91818
2017-03,2950.6137
2017-03,3228.80572
2017-03,21.724
2017-03,17.15495
2017-03,4.56904
2017-03,5.70895
2017-03,5.73451
2017-03,1214.69552
2017-03,2834.09857
2017-03,116.51512
2017-03,1098.1804
2017-03,250.73352
2017-03,256.46802
2017-02,2950.91384
2017-02,4.95121
2017-02,5.56635
2017-02,17.02167
2017-02,1595.73503
2017-02,1095.29128
2017-02,4.14168
2017-02,2587.79339
2017-02,103.23292
2017-02,233.77296
2017-02,238.72418
2017-02,992.05836
2017-02,21.16335
2017-02,2691.02631
2017-01,1268.33788
2017-01,24.37411
2017-01,1934.26728
2017-01,260.2262
2017-01,1147.48417
2017-01,20.003
2017-01,4.37111
2017-01,120.85371
2017-01,5.05173
2017-01,265.27793
2017-01,3492.2572
2017-01,3202.60516
2017-01,6.42445
2017-01,3081.75145
2016-12,1914.70834
2016-12,4.29409
2016-12,6.57618
2016-12,277.75387
2016-12,3217.79016
2016-12,20.07913
2016-12,123.95543
2016-12,5.05779
2016-12,15.78504
2016-12,1303.08183
2016-12,282.81166
2016-12,1179.12639
2016-12,3520.68096
2016-12,3093.83473
2016-11,1032.43549
2016-11,17.8994
2016-11,2742.96844
2016-11,6.11684
2016-11,1590.48527
2016-11,1152.48317
2016-11,4.97964
2016-11,2622.92076
2016-11,120.04767
2016-11,3011.94689
2016-11,4.1233
2016-11,13.7761
2016-11,251.07905
2016-11,246.09942
2016-10,2779.76275
2016-10,2894.55794
2016-10,14.25419
2016-10,114.79519
2016-10,1238.84534
2016-10,4.35202
2016-10,18.60621
2016-10,1655.7126
2016-10,3162.18456
2016-10,249.02042
2016-10,243.7547
2016-10,5.26572
2016-10,1124.05015
2016-10,6.98371
2016-09,15.64004
2016-09,20.13376
2016-09,6.41786
2016-09,248.15288
2016-09,1360.12833
2016-09,3516.29045
2016-09,3248.00382
2016-09,242.27821
2016-09,3112.68938
2016-09,135.31444
2016-09,5.87466
2016-09,1224.81389
2016-09,4.49372
2016-09,1887.87549
2016-08,4094.9622
2016-08,261.72213
2016-08,6.56161
2016-08,5.15881
2016-08,3647.25002
2016-08,18.34757
2016-08,7.16262
2016-08,268.28374
2016-08,3803.17207
2016-08,1551.8041
2016-08,23.50639
2016-08,1395.88204
2016-08,2251.36798
2016-08,155.92206
2016-07,17.94131
2016-07,3833.3895
2016-07,4123.02438
2016-07,3681.35879
2016-07,23.0253
2016-07,6.76252
2016-07,1552.98325
2016-07,2280.40625
2016-07,266.60958
2016-07,5.08399
2016-07,260.14342
2016-07,1400.95254
2016-07,6.46616
2016-07,152.03071
2016-06,3265.51752
2016-06,3402.93858
2016-06,3679.57335
2016-06,256.52954
2016-06,4.58893
2016-06,137.42106
2016-06,15.5163
2016-06,1204.13044
2016-06,6.23036
2016-06,6.76728
2016-06,2061.38708
2016-06,20.10523
2016-06,250.29918
2016-06,1341.55149
2016-05,1731.91599
2016-05,3188.24379
2016-05,1185.36203
2016-05,18.30698
2016-05,6.13303
2016-05,2917.27802
2016-05,1059.59132
2016-05,252.6588
2016-05,125.7707
2016-05,4.25639
2016-05,14.05059
2016-05,2791.50731
2016-05,5.67488
2016-05,246.52576
2016-04,5.56623
2016-04,2698.30669
2016-04,243.07059
2016-04,2959.62481
2016-04,18.24753
2016-04,5.22647
2016-04,1573.3802
2016-04,1005.21353
2016-04,13.91515
2016-04,4.33238
2016-04,237.50436
2016-04,119.71296
2016-04,2578.59374
2016-04,1124.92649
2016-03,1646.29709
2016-03,252.20392
2016-03,19.3473
2016-03,5.47906
2016-03,3071.21821
2016-03,257.51771
2016-03,2794.3532
2016-03,14.96534
2016-03,2660.57409
2016-03,1014.277
2016-03,4.38196
2016-03,1148.05611
2016-03,133.77911
2016-03,5.31379
2016-02,127.64686
2016-02,18.64176
2016-02,2894.60136
2016-02,250.46415
2016-02,1172.68144
2016-02,5.83437
2016-02,2766.95449
2016-02,245.24987
2016-02,5.21428
2016-02,14.92199
2016-02,3.71978
2016-02,1721.91992
2016-02,1045.03458
2016-02,3163.70726
2016-01,3123.51258
2016-01,1959.02171
2016-01,16.27822
2016-01,5.54004
2016-01,4.06967
2016-01,139.85351
2016-01,1164.49087
2016-01,3553.04063
2016-01,20.34789
2016-01,6.85863
2016-01,269.32665
2016-01,3263.36609
2016-01,1304.34437
2016-01,263.78661
2015-12,1216.77003
2015-12,18.8019
2015-12,7.95313
2015-12,4.45482
2015-12,269.56038
2015-12,14.34708
2015-12,1761.04454
2015-12,134.89592
2015-12,2842.91865
2015-12,275.53124
2015-12,5.97086
2015-12,3272.14771
2015-12,1081.8741
2015-12,2977.81457
2015-11,1175.8918
2015-11,17.96313
2015-11,1044.33859
2015-11,7.44509
2015-11,1599.55241
2015-11,4.45767
2015-11,2643.89099
2015-11,13.50546
2015-11,255.75839
2015-11,131.55322
2015-11,6.34226
2015-11,3055.508
2015-11,262.10065
2015-11,2775.44421
2015-10,2739.64525
2015-10,1668.32252
2015-10,2872.71568
2015-10,3148.65308
2015-10,258.00668
2015-10,17.93073
2015-10,9.05606
2015-10,1071.32273
2015-10,4.04781
2015-10,252.34657
2015-10,133.07043
2015-10,1204.39316
2015-10,5.66011
2015-10,13.88291
2015-09,4.51742
2015-09,1905.70015
2015-09,263.01855
2015-09,3528.35204
2015-09,19.50479
2015-09,8.39039
2015-09,1340.12855
2015-09,3245.8287
2015-09,3106.35212
2015-09,1200.65197
2015-09,256.71346
2015-09,6.30509
2015-09,139.47657
2015-09,14.98737
2015-08,1471.85686
2015-08,7.16395
2015-08,15.55206
2015-08,4.74516
2015-08,149.62793
2015-08,270.49998
2015-08,277.66393
2015-08,20.29721
2015-08,8.78689
2015-08,1322.22893
2015-08,3502.52889
2015-08,2180.29996
2015-08,3950.11796
2015-08,3652.15682
2015-07,4037.1188
2015-07,21.06989
2015-07,8.59389
2015-07,1504.51587
2015-07,279.48107
2015-07,1357.7014
2015-07,5.00724
2015-07,16.06265
2015-07,3589.75337
2015-07,271.60953
2015-07,2232.05197
2015-07,7.87154
2015-07,146.81447
2015-07,3736.56784
2015-06,18.63994
2015-06,255.15186
2015-06,2029.2082
2015-06,3242.93419
2015-06,1213.72598
2015-06,1347.93827
2015-06,14.11485
2015-06,134.21228
2015-06,4.52509
2015-06,7.03116
2015-06,262.18302
2015-06,3657.96943
2015-06,3377.14647
2015-06,7.9605
2015-05,17.56559
2015-05,12.9923
2015-05,2875.05651
2015-05,251.54575
2015-05,4.57329
2015-05,126.03713
2015-05,6.11532
2015-05,1081.74095
2015-05,1793.31556
2015-05,3276.32031
2015-05,3001.09364
2015-05,257.66107
2015-05,5.71404
2015-05,1207.77808
2015-04,2718.42944
2015-04,16.68132
2015-04,1008.14378
2015-04,111.35384
2015-04,12.32176
2015-04,5.99501
2015-04,5.94254
2015-04,4.35956
2015-04,1119.49762
2015-04,2607.0756
2015-04,246.94812
2015-04,1598.93182
2015-04,2988.0539
2015-04,252.94313
2015-03,18.51112
2015-03,3008.90729
2015-03,263.19951
2015-03,3290.61792
2015-03,4.21864
2015-03,257.40895
2015-03,5.79056
2015-03,1092.04772
2015-03,1785.74987
2015-03,14.29248
2015-03,131.1097
2015-03,1223.15742
2015-03,2877.79758
2015-03,5.98926
2015-02,245.79367
2015-02,3406.68676
2015-02,1239.87253
2015-02,3136.45165
2015-02,14.5838
2015-02,3.80324
2015-02,3010.50332
2015-02,18.38704
2015-02,125.94833
2015-02,5.41357
2015-02,1113.9242
2015-02,6.0544
2015-02,251.84807
2015-02,1896.57912
2015-01,3233.68506
2015-01,134.68287
2015-01,15.09462
2015-01,4.13538
2015-01,1206.14535
2015-01,3669.92642
2015-01,3368.36793
2015-01,19.23
2015-01,6.67595
2015-01,1340.82822
2015-01,2027.53972
2015-01,282.32849
2015-01,275.53481
2015-01,6.79368
2014-12,19.19967
2014-12,6.72727
2014-12,1247.47314
2014-12,9.87792
2014-12,3042.54155
2014-12,14.17619
2014-12,3176.54814
2014-12,5.02349
2014-12,134.00659
2014-12,279.23103
2014-12,269.3531
2014-12,3474.97884
2014-12,1113.46655
2014-12,1929.075
2014-11,4.79088
2014-11,18.12431
2014-11,2995.96644
2014-11,3278.31992
2014-11,6.31687
2014-11,264.22918
2014-11,2867.71857
2014-11,1081.95027
2014-11,254.12719
2014-11,1210.19814
2014-11,1785.7683
2014-11,10.10199
2014-11,13.33343
2014-11,128.24787
2014-10,1731.74586
2014-10,261.4003
2014-10,1205.50677
2014-10,5.02385
2014-10,2937.25263
2014-10,13.33288
2014-10,2805.0618
2014-10,3217.00965
2014-10,132.19083
2014-10,251.68291
2014-10,9.71739
2014-10,7.61593
2014-10,18.35673
2014-10,1073.31594
2014-09,132.33064
2014-09,1144.61058
2014-09,1907.96604
2014-09,259.47272
2014-09,9.40187
2014-09,3052.57662
2014-09,250.07085
2014-09,3463.42764
2014-09,1276.94122
2014-09,3184.90726
2014-09,8.21079
2014-09,13.94841
2014-09,5.09925
2014-09,19.04765
2014-08,8.08625
2014-08,3912.86811
2014-08,146.4005
2014-08,1252.28097
2014-08,1398.68147
2014-08,2216.51588
2014-08,3615.19735
2014-08,276.63593
2014-08,266.425
2014-08,3468.79685
2014-08,10.21093
2014-08,5.78804
2014-08,15.24679
2014-08,21.03483
2014-07,143.22641
2014-07,3499.6797
2014-07,272.9894
2014-07,3936.45705
2014-07,3642.90611
2014-07,1403.17575
2014-07,20.56155
2014-07,7.93269
2014-07,262.66674
2014-07,2239.73036
2014-07,15.0351
2014-07,5.52646
2014-07,10.32265
2014-07,1259.94934
2014-06,2098.39614
2014-06,3672.20099
2014-06,1295.60664
2014-06,130.22377
2014-06,5.30476
2014-06,18.96067
2014-06,6.45164
2014-06,259.23754
2014-06,3263.77902
2014-06,9.71019
2014-06,249.52735
2014-06,3394.00279
2014-06,1165.38288
2014-06,13.6559
2014-05,257.60259
2014-05,1055.05311
2014-05,1176.66941
2014-05,2942.70859
2014-05,3064.32489
2014-05,1887.65549
2014-05,5.26898
2014-05,3340.14223
2014-05,12.94577
2014-05,121.6163
2014-05,248.59494
2014-05,9.00765
2014-05,18.21475
2014-05,6.52262
2014-04,253.52487
2014-04,1009.17479
2014-04,1670.56202
2014-04,2679.73681
2014-04,12.24021
2014-04,1123.44668
2014-04,4.74082
2014-04,114.27189
2014-04,245.43243
2014-04,6.34655
2014-04,8.09244
2014-04,3064.51461
2014-04,2794.0087
2014-04,16.98103
2014-03,128.93337
2014-03,13.78916
2014-03,269.11221
2014-03,1117.19058
2014-03,6.74282
2014-03,3442.86139
2014-03,18.62039
2014-03,8.89437
2014-03,1246.12395
2014-03,4.83122
2014-03,260.21784
2014-03,3026.19542
2014-03,3155.1288
2014-03,1909.00484
2014-02,18.40829
2014-02,3371.5014
2014-02,3102.16785
2014-02,1904.80363
2014-02,126.00985
2014-02,1071.35438
2014-02,14.16647
2014-02,4.24181
2014-02,250.92526
2014-02,7.06821
2014-02,241.44611
2014-02,1197.36423
2014-02,2976.15801
2014-02,9.47915
2014-01,3908.86464
2014-01,3598.23033
2014-01,26.04316
2014-01,7.74454
2014-01,2203.54854
2014-01,5.4213
2014-01,273.77048
2014-01,284.59115
2014-01,3454.80762
2014-01,1394.68179
2014-01,143.4227
2014-01,10.82067
2014-01,1251.25908
2014-01,20.62186
2013-12,21.84763
2013-12,138.59673
2013-12,14.29277
2013-12,3649.53903
2013-12,3200.58241
2013-12,16.14397
2013-12,274.21949
2013-12,5.70366
2013-12,1286.99022
2013-12,1148.39348
2013-12,2052.18893
2013-12,288.51226
2013-12,8.01345
2013-12,3339.17914
2013-11,3251.91935
2013-11,267.73762
2013-11,18.43124
2013-11,7.07049
2013-11,12.35306
2013-11,2965.75049
2013-11,1166.02383
2013-11,255.38457
2013-11,1035.45182
2013-11,130.572
2013-11,1799.72666
2013-11,5.23639
2013-11,13.19486
2013-11,2835.17848
2013-10,13.83952
2013-10,2839.03346
2013-10,18.06822
2013-10,2961.09857
2013-10,5.34234
2013-10,12.72588
2013-10,264.35089
2013-10,1800.16205
2013-10,3243.51768
2013-10,1160.93652
2013-10,1038.8714
2013-10,122.06511
2013-10,6.96288
2013-10,250.51137
2013-09,1119.35404
2013-09,1963.92898
2013-09,3083.28302
2013-09,244.89807
2013-09,1252.29489
2013-09,13.74424
2013-09,3216.22387
2013-09,258.64231
2013-09,19.51704
2013-09,3494.38322
2013-09,7.29031
2013-09,14.12534
2013-09,5.39169
2013-09,132.94085
2013-08,148.51516
2013-08,1364.03674
2013-08,278.95439
2013-08,3485.23154
2013-08,3633.7467
2013-08,5.58373
2013-08,20.94255
2013-08,7.86855
2013-08,3933.64364
2013-08,14.91829
2013-08,1215.52159
2013-08,15.35883
2013-08,2269.70996
2013-08,264.0361
2013-07,4043.39433
2013-07,15.94711
2013-07,16.13391
2013-07,3585.81265
2013-07,268.98357
2013-07,5.78482
2013-07,150.73227
2013-07,1282.13244
2013-07,3736.54493
2013-07,1432.86472
2013-07,284.93068
2013-07,21.91873
2013-07,7.81251
2013-07,2303.68021
2013-06,6.80141
2013-06,13.71403
2013-06,5.38049
2013-06,130.09896
2013-06,2109.2989
2013-06,1141.17291
2013-06,3663.76212
2013-06,3250.4718
2013-06,1271.27187
2013-06,249.1296
2013-06,14.96724
2013-06,3380.57077
2013-06,264.09684
2013-06,19.09452
2013-05,1036.60189
2013-05,3049.59683
2013-05,262.38288
2013-05,12.70975
2013-05,3330.18132
2013-05,5.49186
2013-05,13.93792
2013-05,1887.50414
2013-05,248.44496
2013-05,2924.10603
2013-05,125.4908
2013-05,1162.09269
2013-05,18.20161
2013-05,6.2371
2013-04,6.12682
2013-04,5.18881
2013-04,985.33627
2013-04,1724.88449
2013-04,243.23613
2013-04,13.27401
2013-04,116.41043
2013-04,12.44497
2013-04,2710.22076
2013-04,3100.77511
2013-04,1101.74669
2013-04,256.51014
2013-04,2826.63118
2013-04,17.63378
2013-03,127.95525
2013-03,19.44551
2013-03,2937.69206
2013-03,6.84836
2013-03,1072.31468
2013-03,13.65173
2013-03,272.14843
2013-03,13.9751
2013-03,3357.24125
2013-03,3065.64731
2013-03,258.4967
2013-03,1200.26992
2013-03,5.47041
2013-03,1865.37738
2013-02,3183.70969
2013-02,12.7317
2013-02,1136.06739
2013-02,6.41912
2013-02,13.38403
2013-02,4.79894
2013-02,121.20526
2013-02,237.82574
2013-02,1014.86214
2013-02,2793.76402
2013-02,1778.90188
2013-02,2914.96928
2013-02,250.55744
2013-02,18.18297
2013-01,15.77712
2013-01,3598.8417
2013-01,1252.28475
2013-01,3298.06842
2013-01,3163.86497
2013-01,134.20346
2013-01,20.91204
2013-01,7.38394
2013-01,266.00343
2013-01,2045.78368
2013-01,279.86123
2013-01,13.8578
2013-01,1118.08129
2013-01,5.13492
2012-12,260.23909
2012-12,3466.41399
2012-12,1243.24829
2012-12,3030.47859
2012-12,4.48837
2012-12,18.1454
2012-12,1929.44119
2012-12,6.71239
2012-12,275.57911
2012-12,13.65704
2012-12,142.2109
2012-12,1101.03739
2012-12,3172.68948
2012-12,15.34002
2012-11,14.80002
2012-11,262.73426
2012-11,6.48839
2012-11,17.38515
2012-11,1122.59078
2012-11,994.27509
2012-11,1772.54955
2012-11,13.03687
2012-11,4.34829
2012-11,128.31569
2012-11,3175.25974
2012-11,2895.14033
2012-11,2766.82463
2012-11,247.93424
2012-10,1028.43306
2012-10,244.96382
2012-10,4.40684
2012-10,2933.01396
2012-10,17.60673
2012-10,259.59657
2012-10,7.10888
2012-10,14.63275
2012-10,1166.47215
2012-10,13.19989
2012-10,2794.97488
2012-10,3210.21726
2012-10,1766.54181
2012-10,138.03909
2012-09,1902.23995
2012-09,243.79466
2012-09,3005.49286
2012-09,1250.16919
2012-09,146.91627
2012-09,14.20599
2012-09,1103.25291
2012-09,3428.81561
2012-09,18.40584
2012-09,258.00064
2012-09,3152.40913
2012-09,7.51122
2012-09,13.72313
2012-09,4.68271
2012-08,15.4974
2012-08,1297.80202
2012-08,4044.58158
2012-08,3746.676
2012-08,277.53055
2012-08,20.37503
2012-08,3581.04967
2012-08,8.37193
2012-08,165.62633
2012-08,16.14095
2012-08,4.87763
2012-08,2283.24766
2012-08,261.3896
2012-08,1463.42834
2012-07,7.25452
2012-07,4247.17129
2012-07,3947.28871
2012-07,16.65952
2012-07,5.31962
2012-07,2424.06184
2012-07,15.21416
2012-07,262.68928
2012-07,169.78731
2012-07,1353.43956
2012-07,3777.50139
2012-07,1523.22687
2012-07,277.90344
2012-07,21.97914
2012-06,14.76849
2012-06,150.64852
2012-06,1175.87683
2012-06,14.0282
2012-06,18.85644
2012-06,2094.05812
2012-06,4.82824
2012-06,3269.93495
2012-06,6.55141
2012-06,1326.52535
2012-06,3420.58347
2012-06,3699.23257
2012-06,259.79267
2012-06,245.02418
2012-05,3170.25119
2012-05,1922.59363
2012-05,13.29682
2012-05,4.77731
2012-05,3023.50007
2012-05,146.75113
2012-05,244.53694
2012-05,1247.65757
2012-05,3447.93517
2012-05,15.07291
2012-05,259.60985
2012-05,1100.90644
2012-05,18.07413
2012-05,6.36369
2012-04,3031.15537
2012-04,132.9375
2012-04,17.13206
2012-04,6.3085
2012-04,1095.09248
2012-04,2633.37231
2012-04,1671.21732
2012-04,962.15499
2012-04,247.71351
2012-04,233.68559
2012-04,2766.3098
2012-04,12.55875
2012-04,14.02791
2012-04,4.57331
2012-03,14.07059
2012-03,2897.84623
2012-03,2760.14304
2012-03,1028.97187
2012-03,13.49263
2012-03,1166.67506
2012-03,259.62421
2012-03,1731.17117
2012-03,3175.53768
2012-03,137.70319
2012-03,18.06724
2012-03,6.50453
2012-03,4.57461
2012-03,245.55362
2012-02,3172.54048
2012-02,257.49679
2012-02,2896.95443
2012-02,13.64796
2012-02,139.42852
2012-02,14.73899
2012-02,4.4413
2012-02,6.58586
2012-02,1152.874
2012-02,18.08926
2012-02,2757.52591
2012-02,1744.08042
2012-02,1013.44548
2012-02,242.7578
2012-01,16.04124
2012-01,3499.39216
2012-01,3203.88624
2012-01,1257.13063
2012-01,19.41173
2012-01,3055.4675
2012-01,6.66777
2012-01,260.05294
2012-01,1108.71189
2012-01,14.94944
2012-01,4.46229
2012-01,276.09419
2012-01,1946.75561
2012-01,148.41874
2011-12,9.05778
2011-12,3483.94617
2011-12,1218.60159
2011-12,3045.42677
2011-12,265.39153
2011-12,8.35617
2011-12,3192.53478
2011-12,13.83361
2011-12,273.7477
2011-12,147.10802
2011-12,3.83008
2011-12,1973.93319
2011-12,17.66369
2011-12,1071.49357
2011-11,3.63279
2011-11,1766.34779
2011-11,999.99113
2011-11,2901.10006
2011-11,3169.29668
2011-11,252.31917
2011-11,134.76114
2011-11,5.13149
2011-11,2766.33892
2011-11,247.18769
2011-11,15.87745
2011-11,7.28979
2011-11,1134.75227
2011-11,12.24467
2011-10,7.34403
2011-10,2814.06204
2011-10,1138.12314
2011-10,133.5667
2011-10,3212.12547
2011-10,1004.55644
2011-10,2947.62874
2011-10,4.95734
2011-10,249.2427
2011-10,3.70319
2011-10,244.28536
2011-10,11.55085
2011-10,1809.5056
2011-10,15.25404
2011-09,3088.05268
2011-09,16.62202
2011-09,255.78402
2011-09,3501.88693
2011-09,3229.48089
2011-09,8.52772
2011-09,1237.85478
2011-09,12.93515
2011-09,141.42821
2011-09,1991.62612
2011-09,3.68688
2011-09,1096.42657
2011-09,250.00358
2011-09,5.78044
2011-08,8.4237
2011-08,1295.7484
2011-08,2441.25337
2011-08,14.58566
2011-08,3.86451
2011-08,163.62534
2011-08,264.1391
2011-08,6.03505
2011-08,1459.37374
2011-08,3737.00177
2011-08,270.17414
2011-08,18.45017
2011-08,4189.25142
2011-08,3900.62711
2011-07,1317.38914
2011-07,3.99199
2011-07,2553.21424
2011-07,3870.60338
2011-07,1483.47505
2011-07,19.02549
2011-07,268.51003
2011-07,7.9383
2011-07,262.19873
2011-07,166.08591
2011-07,4324.2248
2011-07,4036.68929
2011-07,6.31129
2011-07,15.0335
2011-06,2273.49545
2011-06,3414.58525
2011-06,16.20463
2011-06,1277.83047
2011-06,254.89737
2011-06,1141.0898
2011-06,3551.32592
2011-06,6.07055
2011-06,3822.42791
2011-06,3.67301
2011-06,136.74067
2011-06,248.82681
2011-06,12.53162
2011-06,5.99922
2011-05,240.54118
2011-05,1143.05786
2011-05,3390.87362
2011-05,246.77911
2011-05,1008.34063
2011-05,16.15886
2011-05,5.53776
2011-05,3.69858
2011-05,134.71723
2011-05,12.46028
2011-05,3127.93565
2011-05,6.23793
2011-05,2993.21842
2011-05,1984.87779
2011-04,14.05776
2011-04,3.50817
2011-04,1063.01891
2011-04,3159.79417
2011-04,10.5496
2011-04,5.83321
2011-04,937.64813
2011-04,1840.47688
2011-04,125.37078
2011-04,236.40741
2011-04,5.7287
2011-04,2778.125
2011-04,2903.49579
2011-04,242.24062
2011-03,983.68277
2011-03,3.61794
2011-03,2942.847
2011-03,245.75134
2011-03,250.93332
2011-03,15.469
2011-03,1115.15362
2011-03,3074.31785
2011-03,6.30726
2011-03,5.18198
2011-03,3340.72016
2011-03,11.85105
2011-03,1959.16423
2011-03,131.47084
2011-02,236.48198
2011-02,3022.74106
2011-02,1125.09353
2011-02,11.79559
2011-02,3.39058
2011-02,994.15635
2011-02,241.16142
2011-02,15.18617
2011-02,1897.64753
2011-02,3279.08865
2011-02,4.67943
2011-02,2891.80388
2011-02,6.88155
2011-02,130.93719
2011-01,3789.10752
2011-01,17.32177
2011-01,7.39645
2011-01,13.56989
2011-01,3503.34704
2011-01,148.72974
2011-01,263.2415
2011-01,1135.34351
2011-01,5.19721
2011-01,1284.07325
2011-01,3.75188
2011-01,268.43871
2011-01,2219.27379
2011-01,3354.6173
2010-12,3337.86634
2010-12,1145.07631
2010-12,3.75517
2010-12,261.73675
2010-12,9.17728
2010-12,2192.79002
2010-12,151.39614
2010-12,13.3367
2010-12,3489.26247
2010-12,3777.26837
2010-12,270.91403
2010-12,17.09186
2010-12,7.12261
2010-12,1296.47245
2010-11,7.08196
2010-11,3192.4932
2010-11,245.9328
2010-11,14.54835
2010-11,239.88041
2010-11,989.08917
2010-11,140.76171
2010-11,2.56625
2010-11,1129.85087
2010-11,6.05239
2010-11,2932.01205
2010-11,2791.25034
2010-11,1802.16118
2010-11,11.98209
2010-10,14.92233
2010-10,1012.27888
2010-10,135.03195
2010-10,1791.52975
2010-10,1147.31082
2010-10,8.384
2010-10,2803.80863
2010-10,241.29065
2010-10,7.69216
2010-10,12.32924
2010-10,2.59308
2010-10,2938.84057
2010-10,248.98281
2010-10,3202.74571
2010-09,250.74194
2010-09,243.37068
2010-09,7.83755
2010-09,3161.16227
2010-09,1265.61404
2010-09,7.37126
2010-09,15.61718
2010-09,12.99077
2010-09,2.62641
2010-09,1112.73097
2010-09,2048.43129
2010-09,152.88307
2010-09,3580.40446
2010-09,3314.04534
2010-08,4222.62765
2010-08,18.08019
2010-08,8.421
2010-08,1501.08242
2010-08,1330.12778
2010-08,170.95464
2010-08,3937.49052
2010-08,3766.53588
2010-08,2436.4081
2010-08,267.05694
2010-08,15.43214
2010-08,2.64805
2010-08,257.40704
2010-08,9.6499
2010-07,260.20583
2010-07,171.88386
2010-07,251.29094
2010-07,3786.64401
2010-07,1490.27622
2010-07,4235.85058
2010-07,3958.52787
2010-07,17.11688
2010-07,2.51109
2010-07,1318.39236
2010-07,7.71645
2010-07,2468.25165
2010-07,14.60579
2010-07,8.91489
2010-06,3630.33196
2010-06,2.75982
2010-06,7.98878
2010-06,3480.99788
2010-06,238.56249
2010-06,2307.95614
2010-06,1173.04174
2010-06,1322.37582
2010-06,149.33408
2010-06,12.14252
2010-06,246.55128
2010-06,3891.78558
2010-06,14.90234
2010-06,5.76163
2010-05,3434.75486
2010-05,2021.552
2010-05,3043.0105
2010-05,234.60368
2010-05,1021.4585
2010-05,6.12548
2010-05,1154.68418
2010-05,243.76074
2010-05,133.22568
2010-05,14.75794
2010-05,2.77861
2010-05,3176.23618
2010-05,9.15706
2010-05,11.97933
2010-04,1734.24484
2010-04,11.42981
2010-04,2635.6273
2010-04,7.10051
2010-04,5.93291
2010-04,3027.79419
2010-04,2764.26553
2010-04,1030.02069
2010-04,2.71626
2010-04,249.38259
2010-04,14.14607
2010-04,128.63823
2010-04,243.44967
2010-04,901.38246
2010-03,2.46713
2010-03,252.88036
2010-03,3008.94552
2010-03,3276.8468
2010-03,1114.29768
2010-03,12.5538
2010-03,1894.64784
2010-03,15.02093
2010-03,7.8759
2010-03,9.0242
2010-03,977.48258
2010-03,136.8151
2010-03,2872.13042
2010-03,243.85616
2010-02,2.04712
2010-02,3339.26293
2010-02,3089.74529
2010-02,227.3315
2010-02,1114.29217
2010-02,2955.26463
2010-02,234.68781
2010-02,979.81151
2010-02,12.78272
2010-02,14.82984
2010-02,7.00871
2010-02,7.35631
2010-02,134.48066
2010-02,1975.45312
2010-01,257.88502
2010-01,2251.14471
2010-01,152.58365
2010-01,3347.38719
2010-01,1096.24248
2010-01,7.94568
2010-01,3774.61591
2010-01,3499.97083
2010-01,8.0167
2010-01,2.64558
2010-01,16.76006
2010-01,1248.82613
2010-01,249.93934
2010-01,14.11448
2009-12,1108.92431
2009-12,3273.8406
2009-12,7.87064
2009-12,248.62956
2009-12,145.83879
2009-12,3689.09277
2009-12,1254.7631
2009-12,3419.67939
2009-12,253.44451
2009-12,15.96888
2009-12,2164.91629
2009-12,4.81495
2009-12,13.64413
2009-12,2.32475
2009-11,236.25022
2009-11,2.308
2009-11,1070.37314
2009-11,2742.86227
2009-11,3125.90767
2009-11,6.93055
2009-11,12.16389
2009-11,231.87918
2009-11,4.37104
2009-11,132.32329
2009-11,14.47189
2009-11,1804.81243
2009-11,938.04985
2009-11,2875.18556
2009-10,2.16373
2009-10,243.40807
2009-10,7.3771
2009-10,237.58427
2009-10,142.64791
2009-10,2819.82692
2009-10,1108.05458
2009-10,2962.47483
2009-10,1854.42026
2009-10,3219.91869
2009-10,14.03578
2009-10,5.8238
2009-10,11.87205
2009-10,965.40667
2009-09,5.61871
2009-09,2991.16922
2009-09,8.3728
2009-09,237.56629
2009-09,151.06771
2009-09,12.61917
2009-09,2.27191
2009-09,1045.65236
2009-09,1945.51686
2009-09,1196.72007
2009-09,3142.23694
2009-09,243.18499
2009-09,3400.31301
2009-09,14.89109
2009-08,3512.00035
2009-08,13.99367
2009-08,8.41487
2009-08,3954.04698
2009-08,171.40663
2009-08,2252.502
2009-08,254.15461
2009-08,16.48539
2009-08,3683.40698
2009-08,1259.49835
2009-08,248.06835
2009-08,2.49172
2009-08,1430.90498
2009-08,6.08626
2009-07,5.92653
2009-07,3866.64319
2009-07,7.88919
2009-07,1363.50404
2009-07,3442.58576
2009-07,13.32045
2009-07,2.29786
2009-07,241.89217
2009-07,1202.88361
2009-07,3603.20619
2009-07,247.8187
2009-07,15.6183
2009-07,2239.70215
2009-07,160.62043
2009-06,1083.74848
2009-06,2160.87999
2009-06,2.40053
2009-06,142.22601
2009-06,3244.62847
2009-06,225.34255
2009-06,12.16152
2009-06,14.56205
2009-06,230.91955
2009-06,6.18429
2009-06,1225.97449
2009-06,3632.33608
2009-06,3386.85448
2009-06,5.57699
2009-05,11.21337
2009-05,5.81623
2009-05,1120.3902
2009-05,5.82791
2009-05,2.51437
2009-05,1920.9557
2009-05,217.40431
2009-05,3041.3459
2009-05,985.03557
2009-05,3278.29418
2009-05,135.35463
2009-05,2905.99126
2009-05,223.22054
2009-05,13.72774
2009-04,5.43275
2009-04,11.27847
2009-04,2691.72046
2009-04,127.54122
2009-04,932.4871
2009-04,1759.23335
2009-04,2819.26168
2009-04,209.65698
2009-04,2.36516
2009-04,3047.99504
2009-04,13.64363
2009-04,215.08974
2009-04,5.87114
2009-04,1060.02832
2009-03,145.11802
2009-03,12.92864
2009-03,3262.49788
2009-03,231.57307
2009-03,1007.91389
2009-03,1153.03192
2009-03,1862.56916
2009-03,4.77547
2009-03,3015.60108
2009-03,2870.48305
2009-03,226.7976
2009-03,5.84102
2009-03,15.32374
2009-03,2.3951
2009-02,5.84729
2009-02,1812.91727
2009-02,12.49986
2009-02,214.92082
2009-02,14.53692
2009-02,1112.29129
2009-02,2786.35464
2009-02,2.03706
2009-02,3.37514
2009-02,973.43737
2009-02,2925.20856
2009-02,3158.04145
2009-02,138.85392
2009-02,218.29596
2009-01,17.26707
2009-01,2193.68632
2009-01,14.91775
2009-01,234.22267
2009-01,2.34932
2009-01,6.91487
2009-01,3328.20064
2009-01,1289.82405
2009-01,155.30973
2009-01,3483.51037
2009-01,238.60612
2009-01,4.38345
2009-01,3739.38357
2009-01,1134.51432
2008-12,1275.27885
2008-12,223.89462
2008-12,7.50592
2008-12,228.6231
2008-12,3239.14489
2008-12,3630.00292
2008-12,3385.98473
2008-12,146.83984
2008-12,15.39509
2008-12,4.72848
2008-12,1128.43901
2008-12,13.45194
2008-12,1.94315
2008-12,2110.70588
2008-11,13.80258
2008-11,1166.52303
2008-11,224.6981
2008-11,134.59854
2008-11,1031.92449
2008-11,2893.34017
2008-11,1.88042
2008-11,3027.93871
2008-11,5.2079
2008-11,11.92216
2008-11,1861.41568
2008-11,3271.64728
2008-11,6.95199
2008-11,229.906
2008-10,3092.34192
2008-10,11.65018
2008-10,1.74664
2008-10,241.43719
2008-10,7.75255
2008-10,234.22402
2008-10,2952.27917
2008-10,1889.3177
2008-10,7.21317
2008-10,13.39681
2008-10,1203.02422
2008-10,140.06275
2008-10,1062.96147
2008-10,3347.17592
2008-09,1257.88558
2008-09,3550.0807
2008-09,12.10856
2008-09,1109.44722
2008-09,7.76527
2008-09,221.51523
2008-09,2049.84988
2008-09,3307.73546
2008-09,228.35082
2008-09,13.99441
2008-09,1.88585
2008-09,148.43836
2008-09,6.83559
2008-09,3159.2971
2008-08,3614.23573
2008-08,257.62135
2008-08,13.12465
2008-08,249.6781
2008-08,174.83139
2008-08,3789.06712
2008-08,7.94325
2008-08,15.06375
2008-08,8.60174
2008-08,1263.60693
2008-08,1.9391
2008-08,2350.6288
2008-08,4061.75221
2008-08,1438.43832
2008-07,15.37052
2008-07,251.55654
2008-07,3939.15115
2008-07,4214.18203
2008-07,8.04247
2008-07,1493.14711
2008-07,8.10383
2008-07,13.37811
2008-07,179.72031
2008-07,1.99241
2008-07,1313.4268
2008-07,2446.00403
2008-07,3759.43083
2008-07,259.66037
2008-06,7.78117
2008-06,237.82059
2008-06,245.60176
2008-06,2.01846
2008-06,6.94629
2008-06,2301.81504
2008-06,1361.69903
2008-06,12.51453
2008-06,161.52256
2008-06,1200.17647
2008-06,14.53298
2008-06,3501.99151
2008-06,3923.64881
2008-06,3663.51407
2008-05,10.83607
2008-05,251.20011
2008-05,6.52557
2008-05,135.83073
2008-05,243.56459
2008-05,2059.22001
2008-05,3200.98147
2008-05,1005.93073
2008-05,3065.15074
2008-05,1141.76146
2008-05,12.85464
2008-05,3465.03622
2008-05,2.01857
2008-05,7.63552
2008-04,6.92921
2008-04,246.23015
2008-04,1098.60623
2008-04,11.38728
2008-04,1.9948
2008-04,2836.12605
2008-04,13.38208
2008-04,2979.37825
2008-04,238.91621
2008-04,3238.99048
2008-04,7.31394
2008-04,955.35403
2008-04,143.2522
2008-04,1880.77202
2008-03,150.33343
2008-03,249.19456
2008-03,3181.53157
2008-03,256.53802
2008-03,6.59924
2008-03,1200.74608
2008-03,7.34347
2008-03,3452.47377
2008-03,3031.19814
2008-03,12.47933
2008-03,14.40419
2008-03,1.92486
2008-03,1050.41265
2008-03,1980.78549
2008-02,148.07323
2008-02,3033.97307
2008-02,1029.05175
2008-02,6.75249
2008-02,252.85398
2008-02,14.49988
2008-02,3182.0463
2008-02,258.32738
2008-02,1177.12498
2008-02,5.4734
2008-02,2004.92132
2008-02,12.72988
2008-02,1.77
2008-02,3454.87355
2008-01,170.90999
2008-01,1.86033
2008-01,284.20564
2008-01,1302.67408
2008-01,7.62093
2008-01,2228.35822
2008-01,1131.7641
2008-01,3836.73075
2008-01,3360.12232
2008-01,15.96986
2008-01,14.10953
2008-01,3531.03231
2008-01,289.72858
2008-01,5.52294
2007-12,1.87276
2007-12,1110.01204
2007-12,15.31206
2007-12,7.97395
2007-12,166.91105
2007-12,3406.18019
2007-12,1276.92309
2007-12,2129.25711
2007-12,13.4393
2007-12,3704.86105
2007-12,3239.26915
2007-12,275.55684
2007-12,283.36879
2007-12,7.81195
2007-11,3347.68899
2007-11,265.35453
2007-11,1.88209
2007-11,145.13295
2007-11,258.41883
2007-11,6.93569
2007-11,14.03553
2007-11,1143.85316
2007-11,1924.44578
2007-11,6.85827
2007-11,3068.29893
2007-11,12.15344
2007-11,2923.16598
2007-11,998.72021
2007-10,1233.0847
2007-10,3522.57945
2007-10,12.05112
2007-10,1.78726
2007-10,159.91792
2007-10,2003.60448
2007-10,1073.16678
2007-10,3236.68918
2007-10,7.49994
2007-10,272.05189
2007-10,13.83838
2007-10,8.94587
2007-10,3076.77126
2007-10,263.10602
2007-09,3301.06661
2007-09,7.79308
2007-09,13.45786
2007-09,167.58467
2007-09,3468.65128
2007-09,1.60869
2007-09,3748.45119
2007-09,266.34205
2007-09,256.95653
2007-09,9.38552
2007-09,11.84917
2007-09,1156.10132
2007-09,2144.9653
2007-09,1323.68598
2007-08,287.49086
2007-08,4114.25804
2007-08,1390.41789
2007-08,9.24007
2007-08,1590.42684
2007-08,1.70275
2007-08,200.00894
2007-08,277.32326
2007-08,4416.87203
2007-08,15.12313
2007-08,10.1676
2007-08,3914.2491
2007-08,2523.83121
2007-08,13.42037
2007-07,177.08151
2007-07,8.53954
2007-07,12.75928
2007-07,1.8591
2007-07,3843.22755
2007-07,1264.77909
2007-07,4135.21314
2007-07,3666.14604
2007-07,1441.8606
2007-07,2401.36695
2007-07,14.61838
2007-07,277.36721
2007-07,267.62125
2007-07,9.74596
2007-06,161.77412
2007-06,9.47724
2007-06,11.85673
2007-06,1.73697
2007-06,7.04091
2007-06,1318.69822
2007-06,3825.70733
2007-06,256.39148
2007-06,3384.4708
2007-06,13.5937
2007-06,1156.9241
2007-06,2227.5467
2007-06,3546.24492
2007-06,265.86872
2007-05,3090.27655
2007-05,9.11298
2007-05,3517.21178
2007-05,271.09469
2007-05,1163.16222
2007-05,142.71184
2007-05,11.20329
2007-05,13.1287
2007-05,6.47284
2007-05,1.92541
2007-05,1020.45038
2007-05,2069.82617
2007-05,261.98171
2007-05,3232.98839
2007-04,8.89418
2007-04,943.30102
2007-04,1.79483
2007-04,2958.79318
2007-04,3240.83798
2007-04,269.03234
2007-04,141.45914
2007-04,2817.33405
2007-04,13.01245
2007-04,1084.76016
2007-04,1874.03303
2007-04,5.55459
2007-04,11.21762
2007-04,260.13816
2007-03,266.63891
2007-03,14.03191
2007-03,5.75157
2007-03,1133.4293
2007-03,1.69998
2007-03,3426.57164
2007-03,3136.70895
2007-03,9.19187
2007-03,12.33193
2007-03,2988.28273
2007-03,985.00308
2007-03,275.83078
2007-03,2003.27965
2007-03,148.42622
2007-02,6.30694
2007-02,13.21219
2007-02,1.47327
2007-02,258.48702
2007-02,3016.42531
2007-02,1161.86904
2007-02,1010.98974
2007-02,150.87929
2007-02,265.3512
2007-02,2005.43557
2007-02,3447.34126
2007-02,3167.3046
2007-02,6.86419
2007-02,14.68546
2007-01,1248.32306
2007-01,1094.65992
2007-01,296.66056
2007-01,15.09576
2007-01,13.64574
2007-01,3314.19571
2007-01,3467.85885
2007-01,14.77813
2007-01,13.2735
2007-01,153.66314
2007-01,3779.61517
2007-01,281.88243
2007-01,2219.53579
2007-01,1.82226
2006-12,3300.69145
2006-12,2.0845
2006-12,1192.06432
2006-12,298.7277
2006-12,8.90793
2006-12,2108.62713
2006-12,3614.80522
2006-12,149.54058
2006-12,3151.15087
2006-12,289.81977
2006-12,7.71738
2006-12,1042.52374
2006-12,13.30157
2006-12,15.38607
2006-11,2891.10182
2006-11,273.0028
2006-11,9.73943
2006-11,1099.19417
2006-11,6.8575
2006-11,962.74475
2006-11,2.01827
2006-11,3324.54381
2006-11,12.23208
2006-11,1928.35707
2006-11,136.44942
2006-11,282.74223
2006-11,14.25035
2006-11,3027.55124
2006-10,1965.39374
2006-10,3424.20261
2006-10,7.8614
2006-10,1.97981
2006-10,10.81693
2006-10,12.29425
2006-10,295.72142
2006-10,14.27406
2006-10,2964.2008
2006-10,3114.20714
2006-10,284.90448
2006-10,1148.8134
2006-10,150.00634
2006-10,998.80706
2006-09,11.86083
2006-09,13.81385
2006-09,7.2615
2006-09,285.32396
2006-09,1.95302
2006-09,275.47861
2006-09,149.6517
2006-09,1037.02959
2006-09,2048.67117
2006-09,3235.35246
2006-09,3534.49027
2006-09,9.84535
2006-09,3085.70076
2006-09,1186.68129
2006-08,1493.3232
2006-08,306.00115
2006-08,15.8441
2006-08,8.71524
2006-08,187.28251
2006-08,1.84098
2006-08,295.37064
2006-08,10.63051
2006-08,3982.23825
2006-08,1306.04069
2006-08,4304.0835
2006-08,3794.95574
2006-08,2488.91505
2006-08,14.00312
2006-07,185.3713
2006-07,1.91447
2006-07,15.80553
2006-07,13.89106
2006-07,4331.54147
2006-07,296.80621
2006-07,10.62144
2006-07,1514.14743
2006-07,8.5382
2006-07,1328.77613
2006-07,2494.16087
2006-07,3822.937
2006-07,4008.3083
2006-07,307.42765
2006-06,9.98574
2006-06,12.71931
2006-06,2.00147
2006-06,7.771
2006-06,3405.05467
2006-06,2283.88386
2006-06,3562.63933
2006-06,3862.699
2006-06,285.33889
2006-06,275.35314
2006-06,1278.75547
2006-06,1121.17081
2006-06,157.58466
2006-06,14.72078
2006-05,142.65445
2006-05,3229.04458
2006-05,276.9077
2006-05,9.68006
2006-05,3086.39014
2006-05,14.57837
2006-05,3530.21072
2006-05,7.54266
2006-05,1144.43769
2006-05,1001.78324
2006-05,2084.6069
2006-05,286.58776
2006-05,12.40375
2006-05,2.17462
2006-04,11.4235
2006-04,1.96354
2006-04,131.46038
2006-04,9.23548
2006-04,275.67638
2006-04,3198.08254
2006-04,1877.55118
2006-04,1031.46793
2006-04,900.00755
2006-04,6.96249
2006-04,13.38704
2006-04,2909.01912
2006-04,2777.55874
2006-04,266.44091
2006-03,7.37217
2006-03,290.48693
2006-03,14.3224
2006-03,2980.49491
2006-03,1111.65497
2006-03,1.7237
2006-03,2011.06696
2006-03,280.83669
2006-03,9.65024
2006-03,142.22701
2006-03,3122.72192
2006-03,12.5987
2006-03,3427.53125
2006-03,969.42795
2006-02,272.90012
2006-02,3302.08777
2006-02,2882.85624
2006-02,926.0995
2006-02,131.98896
2006-02,14.34245
2006-02,6.62182
2006-02,1.94071
2006-02,3014.8452
2006-02,264.1458
2006-02,8.75432
2006-02,12.40174
2006-02,1956.75675
2006-02,1058.08845
2006-01,1003.2479
2006-01,3097.91343
2006-01,306.20023
2006-01,15.1494
2006-01,13.15463
2006-01,1.99478
2006-01,2094.66553
2006-01,10.02082
2006-01,144.2155
2006-01,296.17941
2006-01,3563.47856
2006-01,1147.4634
2006-01,7.32283
2006-01,3242.12893
2005-12,12.70502
2005-12,3752.3532
2005-12,2188.41913
2005-12,13.3919
2005-12,1091.5497
2005-12,3450.54083
2005-12,1.90979
2005-12,7.80316
2005-12,170.572
2005-12,286.51068
2005-12,15.30169
2005-12,3279.96883
2005-12,1262.1217
2005-12,273.80566
2005-11,1928.8533
2005-11,260.66579
2005-11,1093.27904
2005-11,13.34932
2005-11,6.60098
2005-11,249.75761
2005-11,11.53992
2005-11,142.04174
2005-11,3022.13233
2005-11,10.90819
2005-11,1.8094
2005-11,3296.14745
2005-11,2880.09059
2005-11,951.2373
2005-10,1.77155
2005-10,11.239
2005-10,11.49664
2005-10,148.45864
2005-10,2989.10458
2005-10,255.51755
2005-10,3137.56322
2005-10,1140.44924
2005-10,3417.58797
2005-10,1997.11399
2005-10,991.99059
2005-10,266.75656
2005-10,13.26818
2005-10,7.65951
2005-09,1107.77884
2005-09,3284.64054
2005-09,13.09466
2005-09,278.82607
2005-09,1.90148
2005-09,3752.11233
2005-09,9.08708
2005-09,1281.98348
2005-09,265.73141
2005-09,2176.86171
2005-09,12.53959
2005-09,3458.84518
2005-09,14.44107
2005-09,174.20464
2005-08,204.97533
2005-08,3765.76943
2005-08,1296.83973
2005-08,14.85974
2005-08,16.71547
2005-08,11.28259
2005-08,314.65444
2005-08,4302.11468
2005-08,2468.9297
2005-08,299.67997
2005-08,1501.81506
2005-08,14.97447
2005-08,3970.74476
2005-08,1.85574
2005-07,3762.6167
2005-07,1482.95945
2005-07,299.66528
2005-07,10.89461
2005-07,2.00781
2005-07,14.52137
2005-07,3962.49824
2005-07,14.78518
2005-07,199.88155
2005-07,1283.0779
2005-07,2479.5388
2005-07,314.18664
2005-07,16.79299
2005-07,4293.47788
2005-06,2264.94261
2005-06,3397.17605
2005-06,3876.30594
2005-06,1304.42796
2005-06,13.3834
2005-06,3569.37058
2005-06,172.19452
2005-06,15.47898
2005-06,13.46026
2005-06,291.45639
2005-06,1132.23344
2005-06,2.01871
2005-06,9.06782
2005-06,278.07299
2005-05,11.1724
2005-05,11.82701
2005-05,267.09555
2005-05,278.26795
2005-05,7.26648
2005-05,1082.58499
2005-05,142.41852
2005-05,13.76549
2005-05,1.93849
2005-05,2961.33498
2005-05,3103.7535
2005-05,940.16647
2005-05,2021.16851
2005-05,3395.78695
2005-04,1827.70696
2005-04,1.62203
2005-04,276.78946
2005-04,869.45015
2005-04,5.8023
2005-04,1010.11434
2005-04,10.2836
2005-04,11.91534
2005-04,2697.15712
2005-04,266.50586
2005-04,13.53737
2005-04,2837.8213
2005-04,3128.14813
2005-04,140.66419
2005-03,290.86929
2005-03,11.61088
2005-03,3121.69521
2005-03,1.9728
2005-03,946.90279
2005-03,2952.12039
2005-03,5.99693
2005-03,15.22354
2005-03,1116.47762
2005-03,2005.2176
2005-03,3427.78804
2005-03,169.57482
2005-03,279.25841
2005-03,13.25074
2005-02,14.42035
2005-02,10.70402
2005-02,5.79636
2005-02,1044.52596
2005-02,279.31488
2005-02,154.0244
2005-02,12.61919
2005-02,1.80116
2005-02,2942.64922
2005-02,3236.38445
2005-02,1898.12327
2005-02,890.50156
2005-02,2788.62483
2005-02,268.61087
2005-01,170.79909
2005-01,304.81241
2005-01,16.62862
2005-01,6.42041
2005-01,1.95754
2005-01,1036.61887
2005-01,1207.41796
2005-01,12.28231
2005-01,14.67108
2005-01,3221.08982
2005-01,292.5301
2005-01,3391.88891
2005-01,2184.47095
2005-01,3713.32994
2004-12,3198.03985
2004-12,3369.52826
2004-12,13.84164
2004-12,16.26762
2004-12,2.09381
2004-12,2256.12682
2004-12,14.17381
2004-12,171.48841
2004-12,322.57119
2004-12,7.68861
2004-12,3708.36707
2004-12,308.72955
2004-12,1113.40144
2004-12,941.91303
2004-11,279.75833
2004-11,7.24388
2004-11,2978.92134
2004-11,1971.10801
2004-11,2818.86326
2004-11,12.84179
2004-11,1.97437
2004-11,12.85134
2004-11,1007.81333
2004-11,3286.34716
2004-11,292.60967
2004-11,14.81616
2004-11,847.75525
2004-11,160.05808
2004-10,3377.8997
2004-10,1045.58387
2004-10,1.81967
2004-10,891.62239
2004-10,294.4882
2004-10,3068.75202
2004-10,281.76561
2004-10,12.83981
2004-10,2023.16815
2004-10,153.96148
2004-10,2914.79054
2004-10,12.72259
2004-10,14.65948
2004-10,7.34293
2004-09,279.8478
2004-09,3610.31088
2004-09,12.10478
2004-09,3303.26888
2004-09,13.21446
2004-09,15.08943
2004-09,7.66909
2004-09,3133.74353
2004-09,971.94298
2004-09,291.95257
2004-09,1141.46832
2004-09,1.87497
2004-09,169.52534
2004-09,2161.80055
2004-08,12.05897
2004-08,1276.83129
2004-08,3944.21485
2004-08,184.88079
2004-08,2342.48982
2004-08,3434.44032
2004-08,2.00184
2004-08,1091.9505
2004-08,14.08669
2004-08,3619.3211
2004-08,308.80522
2004-08,16.08853
2004-08,7.98084
2004-08,296.74625
2004-07,3526.56588
2004-07,316.25535
2004-07,16.14878
2004-07,304.19364
2004-07,1290.01562
2004-07,2.03066
2004-07,186.58297
2004-07,8.06421
2004-07,1103.43265
2004-07,12.06172
2004-07,3713.14884
2004-07,14.11812
2004-07,4045.55297
2004-07,2423.13323
2004-06,286.56029
2004-06,3714.27402
2004-06,3400.79832
2004-06,15.11613
2004-06,7.10002
2004-06,11.79928
2004-06,13.14095
2004-06,977.13177
2004-06,1.97518
2004-06,165.30955
2004-06,298.35956
2004-06,1142.44132
2004-06,3235.48877
2004-06,2258.357
2004-05,2134.93319
2004-05,12.05187
2004-05,928.90207
2004-05,164.19949
2004-05,1093.10157
2004-05,13.41378
2004-05,3228.03475
2004-05,3063.83526
2004-05,295.93753
2004-05,2.06483
2004-05,3539.45089
2004-05,283.88566
2004-05,15.47861
2004-05,7.35771
2004-04,1868.62114
2004-04,12.61245
2004-04,2841.83554
2004-04,11.18068
2004-04,3151.06225
2004-04,973.21439
2004-04,294.7025
2004-04,14.52422
2004-04,6.96259
2004-04,149.92073
2004-04,1.91177
2004-04,2691.9148
2004-04,283.52182
2004-04,823.29366
2004-03,1045.65237
2004-03,3344.81186
2004-03,158.28227
2004-03,2873.11162
2004-03,285.45994
2004-03,13.76628
2004-03,297.93171
2004-03,15.48626
2004-03,7.00701
2004-03,3031.39389
2004-03,1.71998
2004-03,887.3701
2004-03,1985.74152
2004-03,12.47177
2004-02,13.97099
2004-02,887.1331
2004-02,15.75127
2004-02,2921.73638
2004-02,1.78029
2004-02,11.93555
2004-02,161.85617
2004-02,3083.59255
2004-02,285.46893
2004-02,1048.98926
2004-02,2034.60329
2004-02,3396.74831
2004-02,297.40448
2004-02,6.90354
2004-01,13.31873
2004-01,972.0864
2004-01,15.43442
2004-01,3248.36586
2004-01,3763.48396
2004-01,7.64623
2004-01,2276.27946
2004-01,171.83005
2004-01,325.97222
2004-01,17.31583
2004-01,1143.91645
2004-01,3420.19591
2004-01,1.88141
2004-01,312.65349
2003-12,6.006
2003-12,2193.91
2003-12,3111.063
2003-12,1088.714
2003-12,12.52
2003-12,1.774
2003-12,3282.624
2003-12,13.434
2003-12,296.768
2003-12,283.334
2003-12,171.561
2003-12,3593.685
2003-12,917.153
2003-12,14.294
2003-11,2789.781
2003-11,152.794
2003-11,5.919
2003-11,1.589
2003-11,273.616
2003-11,262.414
2003-11,11.01
2003-11,3228.792
2003-11,11.202
2003-11,12.6
2003-11,841.976
2003-11,1947.805
2003-11,2942.576
2003-11,994.771
2003-10,6.282
2003-10,3311.851
2003-10,2854.033
2003-10,1.606
2003-10,284.838
2003-10,273.315
2003-10,159.922
2003-10,1039.57
2003-10,11.523
2003-10,879.648
2003-10,3013.955
2003-10,11.452
2003-10,1974.385
2003-10,13.058
2003-09,11.369
2003-09,1.64
2003-09,1107.643
2003-09,13.008
2003-09,6.565
2003-09,2086.895
2003-09,935.571
2003-09,279.529
2003-09,172.072
2003-09,3022.466
2003-09,267.72
2003-09,11.809
2003-09,3487.075
2003-09,3194.538
2003-08,201.777
2003-08,7.029
2003-08,1.746
2003-08,12.626
2003-08,3775.84
2003-08,287.268
2003-08,13.168
2003-08,3574.063
2003-08,4090.649
2003-08,14.915
2003-08,1348.615
2003-08,1146.838
2003-08,2427.225
2003-08,299.895
2003-07,2425.527
2003-07,3704.937
2003-07,3509.747
2003-07,12.997
2003-07,4018.281
2003-07,195.191
2003-07,12.931
2003-07,14.703
2003-07,7.127
2003-07,298.641
2003-07,1.772
2003-07,1279.41
2003-07,285.644
2003-07,1084.22
2003-06,3099.439
2003-06,3558.975
2003-06,13.044
2003-06,11.371
2003-06,12.871
2003-06,1077.243
2003-06,1.673
2003-06,279.68
2003-06,6.292
2003-06,910.43
2003-06,2189.009
2003-06,266.808
2003-06,166.813
2003-06,3266.252
2003-05,281.253
2003-05,6.307
2003-05,2895.09
2003-05,3046.496
2003-05,1.59
2003-05,268.105
2003-05,832.331
2003-05,2062.759
2003-05,983.737
2003-05,12.722
2003-05,13.148
2003-05,11.132
2003-05,151.406
2003-05,3340.47
2003-04,2819.18
2003-04,1865.14
2003-04,10.222
2003-04,954.039
2003-04,2665.962
2003-04,800.822
2003-04,261.691
2003-04,10.724
2003-04,12.282
2003-04,5.795
2003-04,1.558
2003-04,153.217
2003-04,271.912
2003-04,3103.374
2003-03,283.639
2003-03,1022.611
2003-03,2846.425
2003-03,160.591
2003-03,862.02
2003-03,12.909
2003-03,3007.016
2003-03,11.296
2003-03,1.613
2003-03,1984.405
2003-03,3303.564
2003-03,271.26
2003-03,12.379
2003-03,5.671
2003-02,845.449
2003-02,1940.619
2003-02,165.101
2003-02,1010.55
2003-02,268.313
2003-02,5.463
2003-02,11.234
2003-02,3232.059
2003-02,2951.169
2003-02,12.577
2003-02,2786.068
2003-02,257.403
2003-02,10.909
2003-02,1.343
2003-01,1.573
2003-01,184.675
2003-01,2217.024
2003-01,6.127
2003-01,3360.825
2003-01,959.126
2003-01,1143.801
2003-01,303.296
2003-01,14.381
2003-01,3678.502
2003-01,3176.15
2003-01,12.326
2003-01,12.808
2003-01,290.97
2002-12,2205.473
2002-12,7.362
2002-12,3558.36
2002-12,296.097
2002-12,10.153
2002-12,1.391
2002-12,306.252
2002-12,3059.16
2002-12,3238.601
2002-12,13.509
2002-12,1033.127
2002-12,12.117
2002-12,179.44
2002-12,853.687
2002-11,2781.866
2002-11,10.048
2002-11,937.233
2002-11,2946.218
2002-11,297.581
2002-11,6.974
2002-11,1.442
2002-11,12.629
2002-11,772.881
2002-11,2008.985
2002-11,164.352
2002-11,3256.432
2002-11,287.533
2002-11,11.187
2002-10,11.554
2002-10,297.239
2002-10,171.12
2002-10,13.05
2002-10,794.894
2002-10,7.318
2002-10,2887.448
2002-10,306.47
2002-10,3058.571
2002-10,966.016
2002-10,9.232
2002-10,1.496
2002-10,2092.554
2002-10,3378.093
2002-09,877.7
2002-09,3615.165
2002-09,7.619
2002-09,1.424
2002-09,3302.765
2002-09,1059.079
2002-09,3121.387
2002-09,7.77
2002-09,181.382
2002-09,298.544
2002-09,13.857
2002-09,12.433
2002-09,2243.687
2002-09,290.924
2002-08,1030.244
2002-08,1230.36
2002-08,3566.127
2002-08,285.358
2002-08,8.744
2002-08,14.455
2002-08,1.519
2002-08,3766.241
2002-08,200.114
2002-08,2535.883
2002-08,15.972
2002-08,8.309
2002-08,4076.314
2002-08,294.1
2002-07,1049.858
2002-07,3845.294
2002-07,319.687
2002-07,15.574
2002-07,1.596
2002-07,192.706
2002-07,1242.565
2002-07,311.779
2002-07,7.906
2002-07,8.901
2002-07,4180.553
2002-07,3652.587
2002-07,2602.729
2002-07,13.978
2002-06,7.157
2002-06,8.215
2002-06,3726.38
2002-06,284.576
2002-06,276.361
2002-06,3256.178
2002-06,1051.325
2002-06,13.56
2002-06,2376.921
2002-06,879.257
2002-06,172.068
2002-06,3428.245
2002-06,1.478
2002-06,12.082
2002-05,2167.873
2002-05,2934.229
2002-05,10.981
2002-05,1.464
2002-05,7.058
2002-05,909.828
2002-05,3384.04
2002-05,3077.703
2002-05,6.738
2002-05,143.474
2002-05,287.153
2002-05,293.892
2002-05,12.444
2002-05,766.356
2002-04,733.204
2002-04,12.093
2002-04,6.873
2002-04,2885.227
2002-04,8.278
2002-04,279.386
2002-04,143.097
2002-04,3176.705
2002-04,271.107
2002-04,876.301
2002-04,2742.13
2002-04,10.702
2002-04,1.391
2002-04,2008.926
2002-03,1.418
2002-03,3309.603
2002-03,7.497
2002-03,931.933
2002-03,7.94
2002-03,770.536
2002-03,13.034
2002-03,161.397
2002-03,2843.888
2002-03,291.286
2002-03,283.347
2002-03,3005.282
2002-03,2073.352
2002-03,11.616
2002-02,2648.487
2002-02,852.616
2002-02,264.937
2002-02,707.131
2002-02,272.733
2002-02,1.267
2002-02,145.486
2002-02,9.832
2002-02,1941.356
2002-02,3077.804
2002-02,11.1
2002-02,6.308
2002-02,2793.973
2002-02,7.798
2002-01,164.134
2002-01,311.835
2002-01,1.375
2002-01,3186.554
2002-01,303.021
2002-01,952.858
2002-01,3511.429
2002-01,8.814
2002-01,13.04
2002-01,7.523
2002-01,788.726
2002-01,2233.693
2002-01,3022.419
2002-01,11.665
2001-12,3380.171
2001-12,681.609
2001-12,838.019
2001-12,1.743
2001-12,2904.123
2001-12,298.174
2001-12,3060.533
2001-12,2222.514
2001-12,306.111
2001-12,13.527
2001-12,7.702
2001-12,7.937
2001-12,11.784
2001-12,156.41
2001-11,3100.46
2001-11,776.038
2001-11,2652.997
2001-11,285.859
2001-11,2795.566
2001-11,12.135
2001-11,1.514
2001-11,633.469
2001-11,10.621
2001-11,292.759
2001-11,7.105
2001-11,142.569
2001-11,2019.528
2001-11,6.9
2001-10,810.62
2001-10,3268.945
2001-10,13.502
2001-10,7.965
2001-10,11.818
2001-10,1.684
2001-10,2951.295
2001-10,304.148
2001-10,7.524
2001-10,2798.061
2001-10,296.624
2001-10,153.234
2001-10,657.386
2001-10,2140.675
2001-09,294.903
2001-09,3419.001
2001-09,2954.028
2001-09,12.4
2001-09,1.892
2001-09,155.778
2001-09,14.292
2001-09,8.179
2001-09,3109.806
2001-09,2267.531
2001-09,842.275
2001-09,686.497
2001-09,286.874
2001-09,8.029
2001-08,2747.529
2001-08,1018.424
2001-08,3591.198
2001-08,305.855
2001-08,9.828
2001-08,15.549
2001-08,2.12
2001-08,17.669
2001-08,8.986
2001-08,843.669
2001-08,4099.305
2001-08,3765.953
2001-08,174.755
2001-08,315.683
2001-07,789.5
2001-07,950.064
2001-07,8.404
2001-07,14.089
2001-07,305.093
2001-07,8.53
2001-07,3952.934
2001-07,16.246
2001-07,2.157
2001-07,3471.031
2001-07,296.689
2001-07,3631.595
2001-07,2681.531
2001-07,160.564
2001-06,2462.515
2001-06,3181.354
2001-06,286.265
2001-06,146.368
2001-06,12.304
2001-06,1.505
2001-06,3627.796
2001-06,3327.722
2001-06,13.809
2001-06,7.649
2001-06,865.207
2001-06,278.29
2001-06,7.975
2001-06,718.839
2001-05,2273.322
2001-05,13.076
2001-05,272.231
2001-05,636.137
2001-05,11.582
2001-05,3337.238
2001-05,3044.692
2001-05,279.47
2001-05,7.445
2001-05,771.37
2001-05,2909.459
2001-05,7.239
2001-05,1.494
2001-05,135.233
2001-04,2802.423
2001-04,729.377
2001-04,1.481
2001-04,122.913
2001-04,606.464
2001-04,275.815
2001-04,7.084
2001-04,282.899
2001-04,12.688
2001-04,2073.046
2001-04,6.895
2001-04,3098.01
2001-04,11.207
2001-04,2679.51
2001-03,667.216
2001-03,13.627
2001-03,7.57
2001-03,12.28
2001-03,2896.168
2001-03,3032.382
2001-03,136.214
2001-03,803.43
2001-03,290.718
2001-03,8.438
2001-03,1.347
2001-03,2228.952
2001-03,299.156
2001-03,3345.165
2001-02,2105.274
2001-02,276.335
2001-02,6.784
2001-02,3150.241
2001-02,1.343
2001-02,6.576
2001-02,269.551
2001-02,11.924
2001-02,2860.639
2001-02,13.267
2001-02,755.365
2001-02,2728.569
2001-02,623.295
2001-02,132.07
2001-01,7.448
2001-01,872.815
2001-01,2475.582
2001-01,3348.397
2001-01,150.244
2001-01,1.523
2001-01,13.058
2001-01,7.769
2001-01,14.581
2001-01,316.232
2001-01,722.571
2001-01,308.784
2001-01,3198.153
2001-01,3679.21